UPDATE `daugia`.`loaisanpham` SET `TenLoaiSanPham`='Antiques' WHERE `MaLoaiSanPham`='1';

UPDATE `daugia`.`loaisanpham` SET `TenLoaiSanPham`='Coins And Currency' WHERE `MaLoaiSanPham`='2';

INSERT INTO `daugia`.`loaisanpham` (`MaLoaiSanPham`, `TenLoaiSanPham`) VALUES (3, 'Electronics');

INSERT INTO `daugia`.`loaisanpham` (`MaLoaiSanPham`, `TenLoaiSanPham`) VALUES (4, 'Baby');

INSERT INTO `daugia`.`loaisanpham` (`MaLoaiSanPham`, `TenLoaiSanPham`) VALUES (5, 'DVD\'s And Movies');

UPDATE `daugia`.`multimedia` SET `TenMultimedia`='1.1', `LinkURL`='/res/image/product/1/1/1.1.jpg' WHERE `MaMultimedia`='3';

UPDATE `daugia`.`multimedia` SET `TenMultimedia`='2.1', `LinkURL`='/res/image/product/1/2/2.1.jpg' WHERE `MaMultimedia`='4';

UPDATE `daugia`.`multimedia` SET `TenMultimedia`='2.2', `LinkURL`='/res/image/product/1/2/2.2.jpg' WHERE `MaMultimedia`='5';

UPDATE `daugia`.`multimedia` SET `TenMultimedia`='2.3', `LinkURL`='/res/image/product/1/2/2.3.jpg' WHERE `MaMultimedia`='6';

UPDATE `daugia`.`multimedia` SET `MaMultimedia`=7, `TenMultimedia`='2.4', `LinkURL`='/res/image/product/1/2/2.4.jpg' WHERE `MaMultimedia`='16';

UPDATE `daugia`.`multimedia` SET `MaMultimedia`=8, `TenMultimedia`='3.1', `LinkURL`='/res/image/product/1/3/3.1.jpg' WHERE `MaMultimedia`='17';

UPDATE `daugia`.`multimedia` SET `MaMultimedia`=9, `TenMultimedia`='3.2', `LinkURL`='/res/image/product/1/3/3.2.jpg' WHERE `MaMultimedia`='22';

UPDATE `daugia`.`multimedia` SET `MaMultimedia`=10, `TenMultimedia`='3.3', `LinkURL`='/res/image/product/1/3/3.3.jpg' WHERE `MaMultimedia`='24';

UPDATE `daugia`.`multimedia` SET `MaMultimedia`=11, `TenMultimedia`='3.4', `LinkURL`='/res/image/product/1/3/3.4.jpg' WHERE `MaMultimedia`='25';

UPDATE `daugia`.`multimedia` SET `MaMultimedia`=12, `TenMultimedia`='4.1', `LinkURL`='/res/image/product/1/4/4.1.jpg' WHERE `MaMultimedia`='26';

INSERT INTO `daugia`.`multimedia` (`MaMultimedia`, `TenMultimedia`, `MaLoaiMultimedia`, `LinkURL`) VALUES (13, '5.1', 1, '/res/image/product/2/5/5.1.jpg');

INSERT INTO `daugia`.`multimedia` (`MaMultimedia`, `TenMultimedia`, `MaLoaiMultimedia`, `LinkURL`) VALUES (14, '6.1', 1, '/res/image/product/2/6/6.1.jpg');

INSERT INTO `daugia`.`multimedia` (`MaMultimedia`, `TenMultimedia`, `MaLoaiMultimedia`, `LinkURL`) VALUES (15, '7.1', 1, '/res/image/product/2/7/7.1.jpg');

INSERT INTO `daugia`.`multimedia` (`MaMultimedia`, `TenMultimedia`, `MaLoaiMultimedia`, `LinkURL`) VALUES (16, '8.1', 1, '/res/image/product/2/8/8.1.jpg');

INSERT INTO `daugia`.`multimedia` (`MaMultimedia`, `TenMultimedia`, `MaLoaiMultimedia`, `LinkURL`) VALUES (17, '8.2', 1, '/res/image/product/2/8/8.2.jpg');

INSERT INTO `daugia`.`multimedia` (`MaMultimedia`, `TenMultimedia`, `MaLoaiMultimedia`, `LinkURL`) VALUES (18, '8.3', 1, '/res/image/product/2/8/8.3.jpg');

INSERT INTO `daugia`.`multimedia` (`MaMultimedia`, `TenMultimedia`, `MaLoaiMultimedia`, `LinkURL`) VALUES (19, '8.4', 1, '/res/image/product/2/8/8.4.jpg');

INSERT INTO `daugia`.`multimedia` (`MaMultimedia`, `TenMultimedia`, `MaLoaiMultimedia`, `LinkURL`) VALUES (20, '9.1', 1, '/res/image/product/2/9/9.1.jpg');

INSERT INTO `daugia`.`multimedia` (`MaMultimedia`, `TenMultimedia`, `MaLoaiMultimedia`, `LinkURL`) VALUES (21, '9.2', 1, '/res/image/product/2/9/9.2.jpg');

INSERT INTO `daugia`.`multimedia` (`MaMultimedia`, `TenMultimedia`, `MaLoaiMultimedia`, `LinkURL`) VALUES (22, '10.1', 1, '/res/image/product/3/10/10.1.jpg');

INSERT INTO `daugia`.`multimedia` (`MaMultimedia`, `TenMultimedia`, `MaLoaiMultimedia`, `LinkURL`) VALUES (23, '10.2', 1, '/res/image/product/3/10/10.2.jpg');

INSERT INTO `daugia`.`multimedia` (`MaMultimedia`, `TenMultimedia`, `MaLoaiMultimedia`, `LinkURL`) VALUES (24, '11.1', 1, '/res/image/product/3/11/11.1.jpg');

INSERT INTO `daugia`.`multimedia` (`MaMultimedia`, `TenMultimedia`, `MaLoaiMultimedia`, `LinkURL`) VALUES (25, '11.2', 1, '/res/image/product/3/11/11.2.jpg');

INSERT INTO `daugia`.`multimedia` (`MaMultimedia`, `TenMultimedia`, `MaLoaiMultimedia`, `LinkURL`) VALUES (26, '11.3', 1, '/res/image/product/3/11/11.3.jpg');

INSERT INTO `daugia`.`multimedia` (`MaMultimedia`, `TenMultimedia`, `MaLoaiMultimedia`, `LinkURL`) VALUES (27, '11.4', 1, '/res/image/product/3/11/11.4.jpg');

INSERT INTO `daugia`.`multimedia` (`MaMultimedia`, `TenMultimedia`, `MaLoaiMultimedia`, `LinkURL`) VALUES (28, '12.1', 1, '/res/image/product/3/12/12.1.jpg');

INSERT INTO `daugia`.`multimedia` (`MaMultimedia`, `TenMultimedia`, `MaLoaiMultimedia`, `LinkURL`) VALUES (29, '13.1', 1, '/res/image/product/3/13/13.1.jpg');

INSERT INTO `daugia`.`multimedia` (`MaMultimedia`, `TenMultimedia`, `MaLoaiMultimedia`, `LinkURL`) VALUES (30, '14.1', 1, '/res/image/product/4/14/14.1.jpg');

INSERT INTO `daugia`.`multimedia` (`MaMultimedia`, `TenMultimedia`, `MaLoaiMultimedia`, `LinkURL`) VALUES (31, '15.1', 1, '/res/image/product/4/15/15.1.jpg');

INSERT INTO `daugia`.`multimedia` (`MaMultimedia`, `TenMultimedia`, `MaLoaiMultimedia`, `LinkURL`) VALUES (32, '16.1', 1, '/res/image/product/4/16/16.1.jpg');

INSERT INTO `daugia`.`multimedia` (`MaMultimedia`, `TenMultimedia`, `MaLoaiMultimedia`, `LinkURL`) VALUES (33, '16.2', 1, '/res/image/product/4/16/16.2.jpg');

INSERT INTO `daugia`.`multimedia` (`MaMultimedia`, `TenMultimedia`, `MaLoaiMultimedia`, `LinkURL`) VALUES (34, '16.3', 1, '/res/image/product/4/16/16.3.jpg');

INSERT INTO `daugia`.`multimedia` (`MaMultimedia`, `TenMultimedia`, `MaLoaiMultimedia`, `LinkURL`) VALUES (35, '17.1', 1, '/res/image/product/5/17/17.1.jpg');

INSERT INTO `daugia`.`multimedia` (`MaMultimedia`, `TenMultimedia`, `MaLoaiMultimedia`, `LinkURL`) VALUES (36, '18.1', 1, '/res/image/product/5/18/18.1.jpg');

INSERT INTO `daugia`.`multimedia` (`MaMultimedia`, `TenMultimedia`, `MaLoaiMultimedia`, `LinkURL`) VALUES (37, '19.1', 1, '/res/image/product/5/19/19.1.jpg');


DELETE FROM `daugia`.`sanpham_multimedia` WHERE `MaChiTietMultimedia`='1';

DELETE FROM `daugia`.`sanpham_multimedia` WHERE `MaChiTietMultimedia`='2';

DELETE FROM `daugia`.`sanpham_multimedia` WHERE `MaChiTietMultimedia`='3';

DELETE FROM `daugia`.`sanpham_multimedia` WHERE `MaChiTietMultimedia`='4';

DELETE FROM `daugia`.`sanpham_multimedia` WHERE `MaChiTietMultimedia`='5';

DELETE FROM `daugia`.`sanpham_multimedia` WHERE `MaChiTietMultimedia`='6';

DELETE FROM `daugia`.`sanpham_multimedia` WHERE `MaChiTietMultimedia`='7';

DELETE FROM `daugia`.`sanpham_multimedia` WHERE `MaChiTietMultimedia`='8';

UPDATE `daugia`.`sanpham` SET `TenSanPham`='VINTAGE DECORATIVE SILVER PLATED PAIR OF FISH SERVERS. LOVELY', `GiaKhoiDiem`=4600000, `GiaHienTai`=4600000, `NgayHetHan`='2012-06-12 00:000:00', `MaTinhTrangSanPham`=1, `MoTaSanPham`='B? dao nia  th? k? 13 b?ng b?c v?i tr?m kh?c khá tinh x?o' WHERE `MaSanPham`='1';

UPDATE `daugia`.`sanpham` SET `TenSanPham`='Silverplate Flatware Set for 12 Rendezvous aka Old South Pattern Community Plate', `GiaKhoiDiem`=5300000, `GiaHienTai`=5300000, `NgayHetHan`='2012-06-12 00:000:00', `MaTinhTrangSanPham`=1, `MoTaSanPham`='Lovely silverplate service for 12 in the Rendezvous aka Old South pattern by Community Plate. feature a beautiful classic design along the handle with a cartouche at the top. This beautiful pattern was introduced in 1938. The plating is very fine with substantial feel and intricate pattern detail.' WHERE `MaSanPham`='2';

UPDATE `daugia`.`sanpham` SET `TenSanPham`='A STERLING SILVER, TALL & HEAVY MUFFINEER/SUGARER, NICE DESIGN, KEEPER OR SCRAP', `GiaKhoiDiem`=1200000, `GiaHienTai`=1200000, `NgayHetHan`='2012-06-12 00:000:00', `MoTaSanPham`='Offering a lovely 4 1/2 inch tall sugar caster/muffineer, made by Duchin of New York. She stands 4 1/2  inches tall, with a peaked cap, a flared trunk, with a rope decoration about the base and shoulder.  She weighs 91  grams, and is glass lined with a weighted base included in the weight.  Any tarnish is light and easily removed.' WHERE `MaSanPham`='3';

UPDATE `daugia`.`sanpham` SET `TenSanPham`='SILVER TEAPOT', `GiaKhoiDiem`=1000000, `GiaHienTai`=1000000, `NgayHetHan`='2012-06-12 00:000:00', `MaTinhTrangSanPham`=1, `MoTaSanPham`='10 1/2 INCH HIGH VINTAGE CASTLETON TEAPOT . USA SHIPPING/ PAYPAL ONLY' WHERE `MaSanPham`='4';

UPDATE `daugia`.`sanpham` SET `TenSanPham`='Sterling Silver/ Pure Solid Silver 12 Spoons/ 14oz. Silver!!!! REAL!', `MaLoaiSanPham`=1, `GiaKhoiDiem`=6500000, `GiaHienTai`=6500000, `NgayHetHan`='2012-06-12 00:000:00', `MoTaSanPham`='Each spoon weighs just over 1ounce! Total weight combined 13.94 OUNCES, (so average 14ounces of pure silver!!!) ' WHERE `MaSanPham`='5';

UPDATE `daugia`.`sanpham` SET `MaSanPham`=6, `TenSanPham`='12 sterling knives: 6 Table Knives and 6 Dessert Knives', `GiaKhoiDiem`=2900000, `GiaHienTai`=2900000, `NgayHetHan`='2012-06-12 00:000:00', `MaTinhTrangSanPham`=1, `MoTaSanPham`='These beautiful silver handled eating knives are of lovely quality' WHERE `MaSanPham`='19';

UPDATE `daugia`.`sanpham` SET `MaSanPham`=7, `TenSanPham`='Kolchugino Silver-plated/24 Karat Gold accented flatware table set of 30 pieces', `GiaKhoiDiem`=6000000, `GiaHienTai`=6000000, `NgayHetHan`='2012-06-02 00:000:00', `MaTinhTrangSanPham`=1, `MoTaSanPham`='This tableware is made of “German Silver” (Copper, Nickel, and Zinc alloys) and coated with Sterling Silver. The thickness of the coating on spoon(s) and fork is no less than 24 micrometers, and on the handles of the knives 18 micrometers. The blades of the knives are made of stainless steel. The bottom of the handles of each piece is accented by being coated in 24 Karat Gold.' WHERE `MaSanPham`='20';

UPDATE `daugia`.`sanpham` SET `MaSanPham`=8, `TenSanPham`='L Schaaf Pokerwork Art On Treen Slice of Wood', `GiaKhoiDiem`=15000000, `GiaHienTai`=15000000, `NgayHetHan`='2012-06-04 00:000:00', `MoTaSanPham`='No Information about it' WHERE `MaSanPham`='21';

UPDATE `daugia`.`sanpham` SET `MaSanPham`=9, `TenSanPham`='VINTAGE DECORATED KEY HOLDER BOX', `GiaKhoiDiem`=2030000, `GiaHienTai`=2030000, `NgayHetHan`='2012-02-12 00:00:00', `MoTaSanPham`='RARE  KEY  BOX  TO HANG  ON  THE  WALL. This lovely wood box has an oil painted Rose and Convolvulus design on the hinged lid. It has brass hinges and clasp and a brass hanger.It has six hooks to hang keys. An unusual and useful collectors piece' WHERE `MaSanPham`='22';

UPDATE `daugia`.`sanpham` SET `MaSanPham`=10, `TenSanPham`='Vintage Black laquer wood vase', `GiaKhoiDiem`=1000000, `GiaHienTai`=1000000, `NgayHetHan`='2012-01-12 00:00:00', `MoTaSanPham`='Vintage Black laquer wood vase' WHERE `MaSanPham`='23';

UPDATE `daugia`.`sanpham` SET `MaSanPham`=11, `TenSanPham`='Old German SILVER COIN OVER 130 YEARS OLD', `MaLoaiSanPham`=2, `GiaKhoiDiem`=1230000, `GiaHienTai`=1230000, `NgayHetHan`='2012-01-26 00:00:00', `MaTinhTrangSanPham`=1, `MoTaSanPham`='Wonderful piece of history one  1 Reichsmark 1875 GERMAN silver coin. This coin is 100% Authentic and in good condition This coin IS OVER 130YEARS OLD. This item would be a nice addition to anyones collection' WHERE `MaSanPham`='24';

UPDATE `daugia`.`sanpham` SET `MaSanPham`=12, `TenSanPham`='Old German NAZI WAR COIN WWII wSw. +RARE STAMPz', `MaLoaiSanPham`=2, `GiaKhoiDiem`=1600000, `GiaHienTai`=1600000, `NgayHetHan`='2012-02-27 00:00:00', `MaTinhTrangSanPham`=1, `MoTaSanPham`='Wonderful pieces of history. 0ne 2Reichsmark 1939 coin 62,5% silver with swastika. This coin is 100% Authentic and in good condition. This coin was minted and used during WARTIME' WHERE `MaSanPham`='25';

UPDATE `daugia`.`sanpham` SET `MaSanPham`=13, `TenSanPham`='Old German SILVER COIN OVER 90 YEARS OLD', `MaLoaiSanPham`=2, `GiaKhoiDiem`=1240000, `GiaHienTai`=1240000, `NgayHetHan`='2012-03-20 00:00:00', `MoTaSanPham`='Wonderful piece of history\\nOne HALF Reichsmark 1917 GERMAN silver coin\\nThis coin is 100% Authentic and in next to uncirculated condition\\nThis coin IS OVER 90YEARS OLD\\n' WHERE `MaSanPham`='30';

UPDATE `daugia`.`sanpham` SET `MaSanPham`=14, `TenSanPham`='Rare Greek Silver Coin .... HALF DOLLAR SILVER COIN GIFT', `MaLoaiSanPham`=2, `GiaKhoiDiem`=9780000, `GiaHienTai`=9780000, `NgayHetHan`='2012-03-27 00:00:00', `MaTinhTrangSanPham`=1, `MoTaSanPham`='Rare Greek silver coin.The coin is cut in small print run of 500 copies on the occasion of democracy in Greece 1975.The coin with a large silver cups.Many preserved in good condition.The real prise is 750 $' WHERE `MaSanPham`='32';

UPDATE `daugia`.`sanpham` SET `MaSanPham`=15, `TenSanPham`='The American Prospecter Silver Coin', `MaLoaiSanPham`=2, `GiaKhoiDiem`=2310000, `GiaHienTai`=2310000, `NgayHetHan`='2012-02-20 00:00:00', `MoTaSanPham`='1986 The American Prospector Silver Coin\\nOne Troy Ounce .999 Fine Silver\\nMade in U.S.A' WHERE `MaSanPham`='33';

INSERT INTO `daugia`.`sanpham` (`MaSanPham`, `TenSanPham`, `MaLoaiSanPham`, `GiaKhoiDiem`, `GiaHienTai`, `NgayDang`, `NgayHetHan`, `MaTinhTrangSanPham`, `MoTaSanPham`) VALUES (16, 'Apple iPad 2 16GB, Wi-Fi, 9.7in - Black (MC769LL/A)', 3, 10280000, 10280000, '2012-01-15 11:41:21', '2012-02-27 00:00:00', 1, 'Things come alive on the stunning 9.7-inch widescreen LED Multi-Touch display of the Apple iPad 2. With WiFi support, this 16GB Apple iPad ensures you stay connected to your world all the time. The built-in dual-core A5 chip in this Wi-Fi iPad facilitates high-end gaming, surfing and overall performance');

INSERT INTO `daugia`.`sanpham` (`MaSanPham`, `TenSanPham`, `MaLoaiSanPham`, `GiaKhoiDiem`, `GiaHienTai`, `NgayDang`, `NgayHetHan`, `MaTinhTrangSanPham`, `MoTaSanPham`) VALUES (17, 'Apple iPad 2 16GB, Wi-Fi, 9.7in - White (MC979LL/A)', 3, 10380000, 10380000, '2012-01-15 11:41:21', '2012-02-27 00:00:00', 1, 'Things come alive on the stunning 9.7-inch widescreen LED Multi-Touch display of the Apple iPad 2. With WiFi support, this 16GB Apple iPad ensures you stay connected to your world all the time. The built-in dual-core A5 chip in this Wi-Fi iPad facilitates high-end gaming, sTurfing and overall performance');

INSERT INTO `daugia`.`sanpham` (`MaSanPham`, `TenSanPham`, `MaLoaiSanPham`, `GiaKhoiDiem`, `GiaHienTai`, `NgayDang`, `NgayHetHan`, `MaTinhTrangSanPham`, `MoTaSanPham`) VALUES (18, 'Garmin nuvi 1300LM Automotive GPS Receiver w Lifetime Maps', 3, 1900000, 1900000, '2012-01-20 11:41:21', '2012-02-27 00:00:00', 1, 'With a wide 4.3-inch, sunlight-readable TFT touchscreen, the Garmin nuvi 1300LM GPS receiver is easy to operate. The advanced ecoRoute technology in this Garmin GPS receiver tracks fuel usage and also helps in saving it by estimating a more fuel-efficient route. You can never get lost with the emergency locator feature in this Garmin navigator that guides you with your exact location, nearest address, close-by fuel stations, etc');

INSERT INTO `daugia`.`sanpham` (`MaSanPham`, `TenSanPham`, `MaLoaiSanPham`, `GiaKhoiDiem`, `GiaHienTai`, `NgayDang`, `NgayHetHan`, `MaTinhTrangSanPham`, `MoTaSanPham`) VALUES (19, 'NEW Aliph Jawbone 1 Bluetooth Wireless Headset With Noise Shield Bulk', 3, 1200000, 1200000, '2012-01-20 11:41:21', '2012-02-27 00:00:00', 1, 'NEW OEM Original Black Aliph Jawbone Bluetooth Wireless Headset With Noise Shield.');

INSERT INTO `daugia`.`sanpham` (`MaSanPham`, `TenSanPham`, `MaLoaiSanPham`, `GiaKhoiDiem`, `GiaHienTai`, `NgayDang`, `NgayHetHan`, `MaTinhTrangSanPham`, `MoTaSanPham`) VALUES (20, 'Bugaboo Frog Complete Navy Standard Stroller', 4, 16980000, 16980000, '2012-01-01 00:00:00', '2012-02-02 00:00:00', 1, 'The Bugaboo Frog Complete Navy is a standard stroller perfect for traveling with your baby at any given time. The reversible seat in this standard stroller allows you to place your baby facing towards you or to the outside world');

INSERT INTO `daugia`.`sanpham` (`MaSanPham`, `TenSanPham`, `MaLoaiSanPham`, `GiaKhoiDiem`, `GiaHienTai`, `NgayDang`, `NgayHetHan`, `MaTinhTrangSanPham`, `MoTaSanPham`) VALUES (21, 'Fisher Price Soothing Motions Glider - Coco Sorbet', 4, 1600000, 1600000, '2012-01-09 00:00:00', '2012-02-09 00:00:00', 1, 'Give your baby the feeling of being rocked in your arms, without having to hold them! The Soothing Motions Glider from Fisher Price provides a front-to-back and side-to-side gliding motion. The plush seat gives plenty of comfort and provides support for baby\'s back, sides, and head. The Soothing Motions Glider comes with a variety of music and swaying overhead toys. Not only will this be the most comfortable spot for baby, it will also be the most fun!');

INSERT INTO `daugia`.`sanpham` (`MaSanPham`, `TenSanPham`, `MaLoaiSanPham`, `GiaKhoiDiem`, `GiaHienTai`, `NgayDang`, `NgayHetHan`, `MaTinhTrangSanPham`, `MoTaSanPham`) VALUES (22, 'Fisher Price Swing & Seat', 4, 1000000, 1000000, '2012-01-09 00:00:00', '2012-02-09 00:00:00', 1, 'A brand-new, unused, unopened, undamaged item in its original packaging (where packaging is applicable). Packaging should be the same as what is found in a retail store, unless the item is handmade or was packaged by the manufacturer in non-retail packaging, such as an unprinted box or plastic bag. See the seller\'s listing for full details');

INSERT INTO `daugia`.`sanpham` (`MaSanPham`, `TenSanPham`, `MaLoaiSanPham`, `GiaKhoiDiem`, `GiaHienTai`, `NgayDang`, `NgayHetHan`, `MaTinhTrangSanPham`, `MoTaSanPham`) VALUES (23, 'The Big Bang Theory Seasons 1-4 (DVD, 2011, 4-Disc Set)', 5, 1240000, 1240000, '2012-01-01 00:00:00', '2012-02-23 00:00:00', 1, 'No Information');

INSERT INTO `daugia`.`sanpham` (`MaSanPham`, `TenSanPham`, `MaLoaiSanPham`, `GiaKhoiDiem`, `GiaHienTai`, `NgayDang`, `NgayHetHan`, `MaTinhTrangSanPham`, `MoTaSanPham`) VALUES (24, 'The Hangover (DVD, 2009, Rated/Unrated)', 5, 100000, 100000, '2012-01-11 00:00:00', '2012-01-30 00:00:00', 1, 'THE HANGOVER should have been a minor success that did satisfactory box office and lived on through beer-laden guys’ night viewings.');

INSERT INTO `daugia`.`sanpham` (`MaSanPham`, `TenSanPham`, `MaLoaiSanPham`, `GiaKhoiDiem`, `GiaHienTai`, `NgayDang`, `NgayHetHan`, `MaTinhTrangSanPham`, `MoTaSanPham`) VALUES (25, 'Modern Family: The Complete Second Season (DVD, 2011, 3-Disc Set)', 5, 320000, 320000, '2012-01-15 00:00:00', '2012-01-30 00:00:00', 1, 'his release serves up all twenty-four episodes from the second season of ABC\'s ensemble sitcom MODERN FAMILY, a run of shows that garnered the production an Emmy for Outstanding Comedy Series, as well as two acting awards.');
EDIT `daugia`.`sanpham`;DELETE FROM `daugia`.`sanpham` WHERE `MaSanPham`='5';

DELETE FROM `daugia`.`sanpham` WHERE `MaSanPham`='6';

DELETE FROM `daugia`.`sanpham` WHERE `MaSanPham`='7';

DELETE FROM `daugia`.`sanpham` WHERE `MaSanPham`='8';

DELETE FROM `daugia`.`sanpham` WHERE `MaSanPham`='9';

DELETE FROM `daugia`.`sanpham` WHERE `MaSanPham`='10';

UPDATE `daugia`.`sanpham` SET `MaSanPham`=5, `MaTaiKhoan`= NULL WHERE `MaSanPham`='11';

UPDATE `daugia`.`sanpham` SET `MaSanPham`=6, `MaTaiKhoan`= NULL WHERE `MaSanPham`='12';

UPDATE `daugia`.`sanpham` SET `MaSanPham`=7, `MaTaiKhoan`= NULL, `MaTinhTrangSanPham`=1 WHERE `MaSanPham`='13';

UPDATE `daugia`.`sanpham` SET `MaSanPham`=8, `MaTaiKhoan`= NULL WHERE `MaSanPham`='14';

UPDATE `daugia`.`sanpham` SET `MaSanPham`=9, `MaTaiKhoan`=, `MaTinhTrangSanPham`=1 WHERE `MaSanPham`='15';

UPDATE `daugia`.`sanpham` SET `MaSanPham`=10 WHERE `MaSanPham`='16';

UPDATE `daugia`.`sanpham` SET `MaSanPham`=11 WHERE `MaSanPham`='17';

UPDATE `daugia`.`sanpham` SET `MaSanPham`=12 WHERE `MaSanPham`='18';

UPDATE `daugia`.`sanpham` SET `MaSanPham`=13 WHERE `MaSanPham`='19';

UPDATE `daugia`.`sanpham` SET `MaSanPham`=14 WHERE `MaSanPham`='20';

UPDATE `daugia`.`sanpham` SET `MaSanPham`=15 WHERE `MaSanPham`='21';

UPDATE `daugia`.`sanpham` SET `MaSanPham`=16 WHERE `MaSanPham`='22';

UPDATE `daugia`.`sanpham` SET `MaSanPham`=17 WHERE `MaSanPham`='23';

UPDATE `daugia`.`sanpham` SET `MaSanPham`=18 WHERE `MaSanPham`='24';

UPDATE `daugia`.`sanpham` SET `MaSanPham`=19 WHERE `MaSanPham`='25';

UPDATE `daugia`.`sanpham` SET `MaTaiKhoan`= NULL WHERE `MaSanPham`='1';

UPDATE `daugia`.`sanpham` SET `MaTaiKhoan`= NULL WHERE `MaSanPham`='2';

UPDATE `daugia`.`sanpham` SET `MaTaiKhoan`= NULL, `MaTinhTrangSanPham`=1 WHERE `MaSanPham`='3';

UPDATE `daugia`.`sanpham` SET `MaTaiKhoan`= NULL WHERE `MaSanPham`='4';

UPDATE `daugia`.`sanpham` SET `MaTaiKhoan`= NULL WHERE `MaSanPham`='15';
UPDATE `daugia`.`sanpham` SET `MaSanPham`=10 WHERE `MaSanPham`='10';

UPDATE `daugia`.`sanpham` SET `MaSanPham`=11 WHERE `MaSanPham`='11';

UPDATE `daugia`.`sanpham` SET `MaSanPham`=12 WHERE `MaSanPham`='12';

UPDATE `daugia`.`sanpham` SET `MaSanPham`=13 WHERE `MaSanPham`='13';

UPDATE `daugia`.`sanpham` SET `MaSanPham`=14 WHERE `MaSanPham`='14';

UPDATE `daugia`.`sanpham` SET `MaSanPham`=9 WHERE `MaSanPham`='15';

UPDATE `daugia`.`sanpham` SET `MaSanPham`=15 WHERE `MaSanPham`='16';

UPDATE `daugia`.`sanpham` SET `MaSanPham`=16 WHERE `MaSanPham`='21';
UPDATE `daugia`.`sanpham` SET `MaTinhTrangSanPham`=1 WHERE `MaSanPham`='9';


INSERT INTO `daugia`.`sanpham_multimedia` (`MaChiTietMultimedia`, `MaSanPham`, `MaMultimedia`) VALUES (1, 1, 3);

INSERT INTO `daugia`.`sanpham_multimedia` (`MaChiTietMultimedia`, `MaSanPham`, `MaMultimedia`) VALUES (2, 2, 4);

INSERT INTO `daugia`.`sanpham_multimedia` (`MaChiTietMultimedia`, `MaSanPham`, `MaMultimedia`) VALUES (3, 2, 5);

INSERT INTO `daugia`.`sanpham_multimedia` (`MaChiTietMultimedia`, `MaSanPham`, `MaMultimedia`) VALUES (4, 2, 6);

INSERT INTO `daugia`.`sanpham_multimedia` (`MaChiTietMultimedia`, `MaSanPham`, `MaMultimedia`) VALUES (5, 2, 7);

INSERT INTO `daugia`.`sanpham_multimedia` (`MaChiTietMultimedia`, `MaSanPham`, `MaMultimedia`) VALUES (6, 3, 8);

INSERT INTO `daugia`.`sanpham_multimedia` (`MaChiTietMultimedia`, `MaSanPham`, `MaMultimedia`) VALUES (7, 3, 9);

INSERT INTO `daugia`.`sanpham_multimedia` (`MaChiTietMultimedia`, `MaSanPham`, `MaMultimedia`) VALUES (8, 3, 10);

INSERT INTO `daugia`.`sanpham_multimedia` (`MaChiTietMultimedia`, `MaSanPham`, `MaMultimedia`) VALUES (9, 3, 11);

INSERT INTO `daugia`.`sanpham_multimedia` (`MaChiTietMultimedia`, `MaSanPham`, `MaMultimedia`) VALUES (10, 4, 12);

INSERT INTO `daugia`.`sanpham_multimedia` (`MaChiTietMultimedia`, `MaSanPham`, `MaMultimedia`) VALUES (11, 5, 13);

INSERT INTO `daugia`.`sanpham_multimedia` (`MaChiTietMultimedia`, `MaSanPham`, `MaMultimedia`) VALUES (12, 6, 14);

INSERT INTO `daugia`.`sanpham_multimedia` (`MaChiTietMultimedia`, `MaSanPham`, `MaMultimedia`) VALUES (13, 7, 15);

INSERT INTO `daugia`.`sanpham_multimedia` (`MaChiTietMultimedia`, `MaSanPham`, `MaMultimedia`) VALUES (14, 8, 16);

INSERT INTO `daugia`.`sanpham_multimedia` (`MaChiTietMultimedia`, `MaSanPham`, `MaMultimedia`) VALUES (15, 8, 17);

INSERT INTO `daugia`.`sanpham_multimedia` (`MaChiTietMultimedia`, `MaSanPham`, `MaMultimedia`) VALUES (16, 8, 18);

INSERT INTO `daugia`.`sanpham_multimedia` (`MaChiTietMultimedia`, `MaSanPham`, `MaMultimedia`) VALUES (17, 8, 19);

INSERT INTO `daugia`.`sanpham_multimedia` (`MaChiTietMultimedia`, `MaSanPham`, `MaMultimedia`) VALUES (18, 9, 20);

INSERT INTO `daugia`.`sanpham_multimedia` (`MaChiTietMultimedia`, `MaSanPham`, `MaMultimedia`) VALUES (19, 9, 21);

INSERT INTO `daugia`.`sanpham_multimedia` (`MaChiTietMultimedia`, `MaSanPham`, `MaMultimedia`) VALUES (20, 10, 22);

INSERT INTO `daugia`.`sanpham_multimedia` (`MaChiTietMultimedia`, `MaSanPham`, `MaMultimedia`) VALUES (21, 10, 23);

INSERT INTO `daugia`.`sanpham_multimedia` (`MaChiTietMultimedia`, `MaSanPham`, `MaMultimedia`) VALUES (22, 11, 24);

INSERT INTO `daugia`.`sanpham_multimedia` (`MaChiTietMultimedia`, `MaSanPham`, `MaMultimedia`) VALUES (23, 11, 25);

INSERT INTO `daugia`.`sanpham_multimedia` (`MaChiTietMultimedia`, `MaSanPham`, `MaMultimedia`) VALUES (24, 11, 26);

INSERT INTO `daugia`.`sanpham_multimedia` (`MaChiTietMultimedia`, `MaSanPham`, `MaMultimedia`) VALUES (25, 11, 27);

INSERT INTO `daugia`.`sanpham_multimedia` (`MaChiTietMultimedia`, `MaSanPham`, `MaMultimedia`) VALUES (26, 12, 28);

INSERT INTO `daugia`.`sanpham_multimedia` (`MaChiTietMultimedia`, `MaSanPham`, `MaMultimedia`) VALUES (27, 13, 29);

INSERT INTO `daugia`.`sanpham_multimedia` (`MaChiTietMultimedia`, `MaSanPham`, `MaMultimedia`) VALUES (28, 14, 30);

INSERT INTO `daugia`.`sanpham_multimedia` (`MaChiTietMultimedia`, `MaSanPham`, `MaMultimedia`) VALUES (29, 15, 31);

INSERT INTO `daugia`.`sanpham_multimedia` (`MaChiTietMultimedia`, `MaSanPham`, `MaMultimedia`) VALUES (30, 16, 32);

INSERT INTO `daugia`.`sanpham_multimedia` (`MaChiTietMultimedia`, `MaSanPham`, `MaMultimedia`) VALUES (31, 16, 33);

INSERT INTO `daugia`.`sanpham_multimedia` (`MaChiTietMultimedia`, `MaSanPham`, `MaMultimedia`) VALUES (32, 16, 34);

INSERT INTO `daugia`.`sanpham_multimedia` (`MaChiTietMultimedia`, `MaSanPham`, `MaMultimedia`) VALUES (33, 17, 35);

INSERT INTO `daugia`.`sanpham_multimedia` (`MaChiTietMultimedia`, `MaSanPham`, `MaMultimedia`) VALUES (34, 18, 36);

INSERT INTO `daugia`.`sanpham_multimedia` (`MaChiTietMultimedia`, `MaSanPham`, `MaMultimedia`) VALUES (35, 19, 37);

UPDATE `daugia`.`multimedia` SET `TenMultimedia`='10.1', `LinkURL`='/res/image/product/3/10/10.1.jpg' WHERE `MaMultimedia`='22';

UPDATE `daugia`.`multimedia` SET `TenMultimedia`='11.1', `LinkURL`='/res/image/product/3/11/11.1.jpg' WHERE `MaMultimedia`='24';

UPDATE `daugia`.`multimedia` SET `TenMultimedia`='11.2', `LinkURL`='/res/image/product/3/11/11.2.jpg' WHERE `MaMultimedia`='25';

UPDATE `daugia`.`multimedia` SET `TenMultimedia`='11.3', `LinkURL`='/res/image/product/3/11/11.3.jpg' WHERE `MaMultimedia`='26';

UPDATE `daugia`.`multimedia` SET `MaLoaiMultimedia`=1 WHERE `MaMultimedia`='3';



